semana,fecha_inicio_semana,sku,descripcion,categoria,tiempo_entrega_semanas,costo_unitario_usd,demanda_cliente_final,pedido_retailer_a_distribuidor,pedido_distribuidor_a_fabrica,pedido_fabrica_a_proveedor,inventario_retailer,inventario_distribuidor,inventario_fabrica
1,2025-01-06,SEM-MCU-001,Microcontrolador ARM Cortex-M4 32-bit,Microcontroladores,4,4.5,488,525,157,229,1569,2632,8072
2,2025-01-13,SEM-MCU-001,Microcontrolador ARM Cortex-M4 32-bit,Microcontroladores,4,4.5,541,508,1202,1642,1509,3326,8512
3,2025-01-20,SEM-MCU-001,Microcontrolador ARM Cortex-M4 32-bit,Microcontroladores,4,4.5,508,540,162,255,1492,2948,8605
4,2025-01-27,SEM-MCU-001,Microcontrolador ARM Cortex-M4 32-bit,Microcontroladores,4,4.5,544,520,1166,1581,1439,3594,9020
5,2025-02-03,SEM-MCU-001,Microcontrolador ARM Cortex-M4 32-bit,Microcontroladores,4,4.5,438,407,122,194,1372,3309,9092
6,2025-02-10,SEM-MCU-001,Microcontrolador ARM Cortex-M4 32-bit,Microcontroladores,4,4.5,578,584,1467,1936,1382,4192,9561
7,2025-02-17,SEM-MCU-001,Microcontrolador ARM Cortex-M4 32-bit,Microcontroladores,4,4.5,557,608,182,270,1455,3766,9649
8,2025-02-24,SEM-MCU-001,Microcontrolador ARM Cortex-M4 32-bit,Microcontroladores,4,4.5,580,541,1399,2221,1374,4624,10471
9,2025-03-03,SEM-MCU-001,Microcontrolador ARM Cortex-M4 32-bit,Microcontroladores,4,4.5,604,629,188,289,1383,4183,10572
10,2025-03-10,SEM-MCU-001,Microcontrolador ARM Cortex-M4 32-bit,Microcontroladores,4,4.5,521,574,1306,1935,1387,4915,11201
11,2025-03-17,SEM-MCU-001,Microcontrolador ARM Cortex-M4 32-bit,Microcontroladores,4,4.5,511,528,158,199,1371,4545,11242
12,2025-03-24,SEM-MCU-001,Microcontrolador ARM Cortex-M4 32-bit,Microcontroladores,4,4.5,560,602,1554,2429,1376,5497,12117
13,2025-03-31,SEM-MCU-001,Microcontrolador ARM Cortex-M4 32-bit,Microcontroladores,4,4.5,535,553,165,236,1405,5109,12188
14,2025-04-07,SEM-MCU-001,Microcontrolador ARM Cortex-M4 32-bit,Microcontroladores,4,4.5,631,621,1449,1948,1397,5937,12687
15,2025-04-14,SEM-MCU-001,Microcontrolador ARM Cortex-M4 32-bit,Microcontroladores,4,4.5,596,620,186,250,1399,5503,12751
16,2025-04-21,SEM-MCU-001,Microcontrolador ARM Cortex-M4 32-bit,Microcontroladores,4,4.5,576,622,1364,2176,1482,6245,13563
17,2025-04-28,SEM-MCU-001,Microcontrolador ARM Cortex-M4 32-bit,Microcontroladores,4,4.5,497,458,137,180,1400,5924,13606
18,2025-05-05,SEM-MCU-001,Microcontrolador ARM Cortex-M4 32-bit,Microcontroladores,4,4.5,528,562,1408,1796,1424,6770,13994
19,2025-05-12,SEM-MCU-001,Microcontrolador ARM Cortex-M4 32-bit,Microcontroladores,4,4.5,518,514,154,228,1406,6410,14068
20,2025-05-19,SEM-MCU-001,Microcontrolador ARM Cortex-M4 32-bit,Microcontroladores,4,4.5,546,581,1421,2217,1455,7250,14864
21,2025-05-26,SEM-MCU-001,Microcontrolador ARM Cortex-M4 32-bit,Microcontroladores,4,4.5,559,609,182,273,1468,6823,14955
22,2025-06-02,SEM-MCU-001,Microcontrolador ARM Cortex-M4 32-bit,Microcontroladores,4,4.5,533,542,1298,1816,1468,7579,15473
23,2025-06-09,SEM-MCU-001,Microcontrolador ARM Cortex-M4 32-bit,Microcontroladores,4,4.5,470,516,154,218,1559,7217,15537
24,2025-06-16,SEM-MCU-001,Microcontrolador ARM Cortex-M4 32-bit,Microcontroladores,4,4.5,508,538,1195,1746,1553,7874,16088
25,2025-06-23,SEM-MCU-001,Microcontrolador ARM Cortex-M4 32-bit,Microcontroladores,4,4.5,478,447,134,181,1557,7561,16135
26,2025-06-30,SEM-MCU-001,Microcontrolador ARM Cortex-M4 32-bit,Microcontroladores,4,4.5,531,582,1420,1921,1563,8399,16636
27,2025-07-07,SEM-MCU-001,Microcontrolador ARM Cortex-M4 32-bit,Microcontroladores,4,4.5,434,435,130,202,1605,8094,16708
28,2025-07-14,SEM-MCU-001,Microcontrolador ARM Cortex-M4 32-bit,Microcontroladores,4,4.5,475,470,1206,1622,1576,8830,17124
29,2025-07-21,SEM-MCU-001,Microcontrolador ARM Cortex-M4 32-bit,Microcontroladores,4,4.5,523,571,171,214,1645,8430,17167
30,2025-07-28,SEM-MCU-001,Microcontrolador ARM Cortex-M4 32-bit,Microcontroladores,4,4.5,684,786,1886,2677,1793,9530,17958
31,2025-08-04,SEM-MCU-001,Microcontrolador ARM Cortex-M4 32-bit,Microcontroladores,4,4.5,669,769,1987,2708,1938,10748,18679
32,2025-08-11,SEM-MCU-001,Microcontrolador ARM Cortex-M4 32-bit,Microcontroladores,4,4.5,423,296,713,992,1822,11165,18958
33,2025-08-18,SEM-MCU-001,Microcontrolador ARM Cortex-M4 32-bit,Microcontroladores,4,4.5,444,310,93,126,1693,10948,18991
34,2025-08-25,SEM-MCU-001,Microcontrolador ARM Cortex-M4 32-bit,Microcontroladores,4,4.5,381,353,859,1224,1668,11454,19356
35,2025-09-01,SEM-MCU-001,Microcontrolador ARM Cortex-M4 32-bit,Microcontroladores,4,4.5,432,452,135,200,1690,11137,19421
36,2025-09-08,SEM-MCU-001,Microcontrolador ARM Cortex-M4 32-bit,Microcontroladores,4,4.5,423,430,1119,1493,1714,11826,19795
37,2025-09-15,SEM-MCU-001,Microcontrolador ARM Cortex-M4 32-bit,Microcontroladores,4,4.5,421,407,122,186,1718,11541,19859
38,2025-09-22,SEM-MCU-001,Microcontrolador ARM Cortex-M4 32-bit,Microcontroladores,4,4.5,403,421,1029,1479,1701,12149,20309
39,2025-09-29,SEM-MCU-001,Microcontrolador ARM Cortex-M4 32-bit,Microcontroladores,4,4.5,409,391,117,147,1652,11875,20339
40,2025-10-06,SEM-MCU-001,Microcontrolador ARM Cortex-M4 32-bit,Microcontroladores,4,4.5,458,451,1018,1525,1613,12442,20846
41,2025-10-13,SEM-MCU-001,Microcontrolador ARM Cortex-M4 32-bit,Microcontroladores,4,4.5,404,447,134,186,1644,12129,20898
42,2025-10-20,SEM-MCU-001,Microcontrolador ARM Cortex-M4 32-bit,Microcontroladores,4,4.5,422,467,1037,1420,1727,12699,21281
43,2025-10-27,SEM-MCU-001,Microcontrolador ARM Cortex-M4 32-bit,Microcontroladores,4,4.5,442,468,140,186,1718,12371,21327
44,2025-11-03,SEM-MCU-001,Microcontrolador ARM Cortex-M4 32-bit,Microcontroladores,4,4.5,389,421,1014,1455,1701,12964,21768
45,2025-11-10,SEM-MCU-001,Microcontrolador ARM Cortex-M4 32-bit,Microcontroladores,4,4.5,481,460,138,185,1648,12642,21815
46,2025-11-17,SEM-MCU-001,Microcontrolador ARM Cortex-M4 32-bit,Microcontroladores,4,4.5,457,486,1245,1942,1659,13401,22512
47,2025-11-24,SEM-MCU-001,Microcontrolador ARM Cortex-M4 32-bit,Microcontroladores,4,4.5,434,413,123,192,1671,13111,22581
48,2025-12-01,SEM-MCU-001,Microcontrolador ARM Cortex-M4 32-bit,Microcontroladores,4,4.5,475,492,1145,1808,1662,13764,23244
49,2025-12-08,SEM-MCU-001,Microcontrolador ARM Cortex-M4 32-bit,Microcontroladores,4,4.5,546,573,171,227,1671,13362,23300
50,2025-12-15,SEM-MCU-001,Microcontrolador ARM Cortex-M4 32-bit,Microcontroladores,4,4.5,502,463,1102,1446,1589,14001,23644
51,2025-12-22,SEM-MCU-001,Microcontrolador ARM Cortex-M4 32-bit,Microcontroladores,4,4.5,509,526,157,201,1641,13632,23688
52,2025-12-29,SEM-MCU-001,Microcontrolador ARM Cortex-M4 32-bit,Microcontroladores,4,4.5,539,524,1189,1891,1626,14297,24390
1,2025-01-06,SEM-MCU-002,Microcontrolador Wi-Fi / BLE Dual-Core,Microcontroladores,6,6.2,740,755,226,328,1528,2471,8102
2,2025-01-13,SEM-MCU-002,Microcontrolador Wi-Fi / BLE Dual-Core,Microcontroladores,6,6.2,716,782,1770,2521,1547,3459,8853
3,2025-01-20,SEM-MCU-002,Microcontrolador Wi-Fi / BLE Dual-Core,Microcontroladores,6,6.2,700,668,200,315,1557,2991,8968
4,2025-01-27,SEM-MCU-002,Microcontrolador Wi-Fi / BLE Dual-Core,Microcontroladores,6,6.2,701,684,1749,2643,1526,4056,9862
5,2025-02-03,SEM-MCU-002,Microcontrolador Wi-Fi / BLE Dual-Core,Microcontroladores,6,6.2,712,792,237,376,1652,3501,10001
6,2025-02-10,SEM-MCU-002,Microcontrolador Wi-Fi / BLE Dual-Core,Microcontroladores,6,6.2,772,721,1656,2180,1583,4436,10525
7,2025-02-17,SEM-MCU-002,Microcontrolador Wi-Fi / BLE Dual-Core,Microcontroladores,6,6.2,682,703,210,331,1611,3943,10646
8,2025-02-24,SEM-MCU-002,Microcontrolador Wi-Fi / BLE Dual-Core,Microcontroladores,6,6.2,714,789,1729,2287,1682,4883,11204
9,2025-03-03,SEM-MCU-002,Microcontrolador Wi-Fi / BLE Dual-Core,Microcontroladores,6,6.2,814,869,260,388,1729,4274,11332
10,2025-03-10,SEM-MCU-002,Microcontrolador Wi-Fi / BLE Dual-Core,Microcontroladores,6,6.2,759,805,1939,2624,1750,5408,12017
11,2025-03-17,SEM-MCU-002,Microcontrolador Wi-Fi / BLE Dual-Core,Microcontroladores,6,6.2,778,857,257,367,1835,4808,12127
12,2025-03-24,SEM-MCU-002,Microcontrolador Wi-Fi / BLE Dual-Core,Microcontroladores,6,6.2,777,812,1824,2325,1835,5820,12628
13,2025-03-31,SEM-MCU-002,Microcontrolador Wi-Fi / BLE Dual-Core,Microcontroladores,6,6.2,766,771,231,343,1840,5280,12740
14,2025-04-07,SEM-MCU-002,Microcontrolador Wi-Fi / BLE Dual-Core,Microcontroladores,6,6.2,736,745,1791,2418,1856,6326,13367
15,2025-04-14,SEM-MCU-002,Microcontrolador Wi-Fi / BLE Dual-Core,Microcontroladores,6,6.2,734,680,204,276,1811,5850,13439
16,2025-04-21,SEM-MCU-002,Microcontrolador Wi-Fi / BLE Dual-Core,Microcontroladores,6,6.2,792,780,1975,2656,1753,7045,14120
17,2025-04-28,SEM-MCU-002,Microcontrolador Wi-Fi / BLE Dual-Core,Microcontroladores,6,6.2,823,789,236,328,1767,6492,14212
18,2025-05-05,SEM-MCU-002,Microcontrolador Wi-Fi / BLE Dual-Core,Microcontroladores,6,6.2,735,769,1912,3043,1780,7635,15343
19,2025-05-12,SEM-MCU-002,Microcontrolador Wi-Fi / BLE Dual-Core,Microcontroladores,6,6.2,731,735,220,332,1823,7120,15455
20,2025-05-19,SEM-MCU-002,Microcontrolador Wi-Fi / BLE Dual-Core,Microcontroladores,6,6.2,700,647,1677,2586,1728,8150,16364
21,2025-05-26,SEM-MCU-002,Microcontrolador Wi-Fi / BLE Dual-Core,Microcontroladores,6,6.2,698,769,230,323,1844,7611,16457
22,2025-06-02,SEM-MCU-002,Microcontrolador Wi-Fi / BLE Dual-Core,Microcontroladores,6,6.2,718,739,1833,2714,1815,8705,17338
23,2025-06-09,SEM-MCU-002,Microcontrolador Wi-Fi / BLE Dual-Core,Microcontroladores,6,6.2,816,819,245,327,1783,8131,17420
24,2025-06-16,SEM-MCU-002,Microcontrolador Wi-Fi / BLE Dual-Core,Microcontroladores,6,6.2,743,707,1565,2143,1788,8989,17998
25,2025-06-23,SEM-MCU-002,Microcontrolador Wi-Fi / BLE Dual-Core,Microcontroladores,6,6.2,698,708,212,272,1795,8493,18058
26,2025-06-30,SEM-MCU-002,Microcontrolador Wi-Fi / BLE Dual-Core,Microcontroladores,6,6.2,704,761,1762,2489,1824,9494,18785
27,2025-07-07,SEM-MCU-002,Microcontrolador Wi-Fi / BLE Dual-Core,Microcontroladores,6,6.2,634,585,175,275,1820,9084,18885
28,2025-07-14,SEM-MCU-002,Microcontrolador Wi-Fi / BLE Dual-Core,Microcontroladores,6,6.2,666,726,1783,2330,1853,10141,19432
29,2025-07-21,SEM-MCU-002,Microcontrolador Wi-Fi / BLE Dual-Core,Microcontroladores,6,6.2,645,696,208,309,1888,9653,19533
30,2025-07-28,SEM-MCU-002,Microcontrolador Wi-Fi / BLE Dual-Core,Microcontroladores,6,6.2,993,1141,2794,3940,2036,11306,20679
31,2025-08-04,SEM-MCU-002,Microcontrolador Wi-Fi / BLE Dual-Core,Microcontroladores,6,6.2,942,1083,2739,4048,2169,12962,21988
32,2025-08-11,SEM-MCU-002,Microcontrolador Wi-Fi / BLE Dual-Core,Microcontroladores,6,6.2,651,455,1022,1302,2017,13529,22268
33,2025-08-18,SEM-MCU-002,Microcontrolador Wi-Fi / BLE Dual-Core,Microcontroladores,6,6.2,568,397,119,174,1882,13251,22323
34,2025-08-25,SEM-MCU-002,Microcontrolador Wi-Fi / BLE Dual-Core,Microcontroladores,6,6.2,575,537,1237,1912,1883,13951,22998
35,2025-09-01,SEM-MCU-002,Microcontrolador Wi-Fi / BLE Dual-Core,Microcontroladores,6,6.2,517,526,157,234,1916,13582,23075
36,2025-09-08,SEM-MCU-002,Microcontrolador Wi-Fi / BLE Dual-Core,Microcontroladores,6,6.2,532,582,1449,2218,1951,14449,23844
37,2025-09-15,SEM-MCU-002,Microcontrolador Wi-Fi / BLE Dual-Core,Microcontroladores,6,6.2,591,639,191,304,1984,14001,23957
38,2025-09-22,SEM-MCU-002,Microcontrolador Wi-Fi / BLE Dual-Core,Microcontroladores,6,6.2,532,529,1327,1817,1992,14799,24447
39,2025-09-29,SEM-MCU-002,Microcontrolador Wi-Fi / BLE Dual-Core,Microcontroladores,6,6.2,494,521,156,235,2067,14434,24526
40,2025-10-06,SEM-MCU-002,Microcontrolador Wi-Fi / BLE Dual-Core,Microcontroladores,6,6.2,580,545,1398,1994,2070,15287,25122
41,2025-10-13,SEM-MCU-002,Microcontrolador Wi-Fi / BLE Dual-Core,Microcontroladores,6,6.2,597,595,178,223,2036,14870,25167
42,2025-10-20,SEM-MCU-002,Microcontrolador Wi-Fi / BLE Dual-Core,Microcontroladores,6,6.2,555,520,1197,1894,2002,15547,25864
43,2025-10-27,SEM-MCU-002,Microcontrolador Wi-Fi / BLE Dual-Core,Microcontroladores,6,6.2,662,668,200,270,1982,15079,25934
44,2025-11-03,SEM-MCU-002,Microcontrolador Wi-Fi / BLE Dual-Core,Microcontroladores,6,6.2,630,649,1463,2313,1966,15893,26784
45,2025-11-10,SEM-MCU-002,Microcontrolador Wi-Fi / BLE Dual-Core,Microcontroladores,6,6.2,555,571,171,240,2018,15493,26853
46,2025-11-17,SEM-MCU-002,Microcontrolador Wi-Fi / BLE Dual-Core,Microcontroladores,6,6.2,596,613,1518,2412,1993,16398,27747
47,2025-11-24,SEM-MCU-002,Microcontrolador Wi-Fi / BLE Dual-Core,Microcontroladores,6,6.2,636,597,179,229,1916,15980,27797
48,2025-12-01,SEM-MCU-002,Microcontrolador Wi-Fi / BLE Dual-Core,Microcontroladores,6,6.2,683,658,1538,2402,1906,16860,28661
49,2025-12-08,SEM-MCU-002,Microcontrolador Wi-Fi / BLE Dual-Core,Microcontroladores,6,6.2,685,759,227,362,1933,16328,28796
50,2025-12-15,SEM-MCU-002,Microcontrolador Wi-Fi / BLE Dual-Core,Microcontroladores,6,6.2,614,607,1504,2133,1929,17225,29425
51,2025-12-22,SEM-MCU-002,Microcontrolador Wi-Fi / BLE Dual-Core,Microcontroladores,6,6.2,597,588,176,246,1914,16813,29495
52,2025-12-29,SEM-MCU-002,Microcontrolador Wi-Fi / BLE Dual-Core,Microcontroladores,6,6.2,707,652,1545,1961,1900,17706,29911
1,2025-01-06,SEM-PMI-010,Regulador LDO 3.3V 1A Low-Noise,Power Management,2,0.85,761,803,240,319,1554,2437,8079
2,2025-01-13,SEM-PMI-010,Regulador LDO 3.3V 1A Low-Noise,Power Management,2,0.85,785,797,1751,2512,1521,3391,8840
3,2025-01-20,SEM-PMI-010,Regulador LDO 3.3V 1A Low-Noise,Power Management,2,0.85,639,593,177,278,1460,2975,8941
4,2025-01-27,SEM-PMI-010,Regulador LDO 3.3V 1A Low-Noise,Power Management,2,0.85,802,826,2144,3072,1482,4293,9869
5,2025-02-03,SEM-PMI-010,Regulador LDO 3.3V 1A Low-Noise,Power Management,2,0.85,750,784,235,341,1481,3744,9975
6,2025-02-10,SEM-PMI-010,Regulador LDO 3.3V 1A Low-Noise,Power Management,2,0.85,904,964,2479,3930,1506,5259,11426
7,2025-02-17,SEM-PMI-010,Regulador LDO 3.3V 1A Low-Noise,Power Management,2,0.85,789,823,246,331,1581,4682,11511
8,2025-02-24,SEM-PMI-010,Regulador LDO 3.3V 1A Low-Noise,Power Management,2,0.85,867,909,2122,2822,1600,5895,12211
9,2025-03-03,SEM-PMI-010,Regulador LDO 3.3V 1A Low-Noise,Power Management,2,0.85,686,742,222,330,1634,5375,12319
10,2025-03-10,SEM-PMI-010,Regulador LDO 3.3V 1A Low-Noise,Power Management,2,0.85,840,795,1744,2754,1607,6324,13329
11,2025-03-17,SEM-PMI-010,Regulador LDO 3.3V 1A Low-Noise,Power Management,2,0.85,733,811,243,377,1639,5756,13463
12,2025-03-24,SEM-PMI-010,Regulador LDO 3.3V 1A Low-Noise,Power Management,2,0.85,943,872,2031,3114,1613,6915,14546
13,2025-03-31,SEM-PMI-010,Regulador LDO 3.3V 1A Low-Noise,Power Management,2,0.85,782,849,254,368,1662,6320,14660
14,2025-04-07,SEM-PMI-010,Regulador LDO 3.3V 1A Low-Noise,Power Management,2,0.85,917,929,2180,2933,1678,7571,15413
15,2025-04-14,SEM-PMI-010,Regulador LDO 3.3V 1A Low-Noise,Power Management,2,0.85,837,937,281,449,1780,6915,15581
16,2025-04-21,SEM-PMI-010,Regulador LDO 3.3V 1A Low-Noise,Power Management,2,0.85,836,866,2153,3261,1842,8202,16689
17,2025-04-28,SEM-PMI-010,Regulador LDO 3.3V 1A Low-Noise,Power Management,2,0.85,790,747,224,354,1825,7679,16819
18,2025-05-05,SEM-PMI-010,Regulador LDO 3.3V 1A Low-Noise,Power Management,2,0.85,701,673,1719,2604,1780,8725,17704
19,2025-05-12,SEM-PMI-010,Regulador LDO 3.3V 1A Low-Noise,Power Management,2,0.85,743,783,234,335,1772,8176,17805
20,2025-05-19,SEM-PMI-010,Regulador LDO 3.3V 1A Low-Noise,Power Management,2,0.85,768,786,1999,2884,1744,9389,18690
21,2025-05-26,SEM-PMI-010,Regulador LDO 3.3V 1A Low-Noise,Power Management,2,0.85,741,744,223,339,1710,8868,18806
22,2025-06-02,SEM-PMI-010,Regulador LDO 3.3V 1A Low-Noise,Power Management,2,0.85,921,977,2203,2858,1813,10094,19461
23,2025-06-09,SEM-PMI-010,Regulador LDO 3.3V 1A Low-Noise,Power Management,2,0.85,817,815,244,342,1823,9523,19559
24,2025-06-16,SEM-PMI-010,Regulador LDO 3.3V 1A Low-Noise,Power Management,2,0.85,637,678,1631,2296,1892,10476,20224
25,2025-06-23,SEM-PMI-010,Regulador LDO 3.3V 1A Low-Noise,Power Management,2,0.85,823,899,269,425,1921,9846,20380
26,2025-06-30,SEM-PMI-010,Regulador LDO 3.3V 1A Low-Noise,Power Management,2,0.85,636,643,1632,2479,1961,10835,21227
27,2025-07-07,SEM-PMI-010,Regulador LDO 3.3V 1A Low-Noise,Power Management,2,0.85,724,737,221,301,1966,10319,21307
28,2025-07-14,SEM-PMI-010,Regulador LDO 3.3V 1A Low-Noise,Power Management,2,0.85,688,666,1461,1892,1948,11114,21738
29,2025-07-21,SEM-PMI-010,Regulador LDO 3.3V 1A Low-Noise,Power Management,2,0.85,582,616,184,241,1935,10682,21795
30,2025-07-28,SEM-PMI-010,Regulador LDO 3.3V 1A Low-Noise,Power Management,2,0.85,1119,1286,2977,4655,2118,12373,23473
31,2025-08-04,SEM-PMI-010,Regulador LDO 3.3V 1A Low-Noise,Power Management,2,0.85,1019,1171,2846,3780,2240,14048,24407
32,2025-08-11,SEM-PMI-010,Regulador LDO 3.3V 1A Low-Noise,Power Management,2,0.85,645,451,1008,1358,2056,14605,24757
33,2025-08-18,SEM-PMI-010,Regulador LDO 3.3V 1A Low-Noise,Power Management,2,0.85,638,446,133,191,1825,14292,24815
34,2025-08-25,SEM-PMI-010,Regulador LDO 3.3V 1A Low-Noise,Power Management,2,0.85,603,579,1345,1918,1795,15058,25388
35,2025-09-01,SEM-PMI-010,Regulador LDO 3.3V 1A Low-Noise,Power Management,2,0.85,589,598,179,266,1809,14639,25475
36,2025-09-08,SEM-PMI-010,Regulador LDO 3.3V 1A Low-Noise,Power Management,2,0.85,602,659,1696,2156,1841,15676,25935
37,2025-09-15,SEM-PMI-010,Regulador LDO 3.3V 1A Low-Noise,Power Management,2,0.85,620,636,190,298,1820,15230,26043
38,2025-09-22,SEM-PMI-010,Regulador LDO 3.3V 1A Low-Noise,Power Management,2,0.85,611,637,1481,2091,1821,16074,26653
39,2025-09-29,SEM-PMI-010,Regulador LDO 3.3V 1A Low-Noise,Power Management,2,0.85,636,650,195,280,1802,15619,26738
40,2025-10-06,SEM-PMI-010,Regulador LDO 3.3V 1A Low-Noise,Power Management,2,0.85,624,629,1509,2014,1845,16499,27243
41,2025-10-13,SEM-PMI-010,Regulador LDO 3.3V 1A Low-Noise,Power Management,2,0.85,573,591,177,273,1898,16085,27339
42,2025-10-20,SEM-PMI-010,Regulador LDO 3.3V 1A Low-Noise,Power Management,2,0.85,643,633,1401,2187,1921,16853,28125
43,2025-10-27,SEM-PMI-010,Regulador LDO 3.3V 1A Low-Noise,Power Management,2,0.85,512,537,161,228,1995,16477,28192
44,2025-11-03,SEM-PMI-010,Regulador LDO 3.3V 1A Low-Noise,Power Management,2,0.85,607,623,1510,2281,2043,17364,28963
45,2025-11-10,SEM-PMI-010,Regulador LDO 3.3V 1A Low-Noise,Power Management,2,0.85,558,613,183,267,2106,16934,29047
46,2025-11-17,SEM-PMI-010,Regulador LDO 3.3V 1A Low-Noise,Power Management,2,0.85,586,580,1510,2207,2082,17864,29744
47,2025-11-24,SEM-PMI-010,Regulador LDO 3.3V 1A Low-Noise,Power Management,2,0.85,644,702,210,268,2183,17372,29802
48,2025-12-01,SEM-PMI-010,Regulador LDO 3.3V 1A Low-Noise,Power Management,2,0.85,544,519,1330,1699,2138,18183,30171
49,2025-12-08,SEM-PMI-010,Regulador LDO 3.3V 1A Low-Noise,Power Management,2,0.85,692,652,195,270,2139,17726,30246
50,2025-12-15,SEM-PMI-010,Regulador LDO 3.3V 1A Low-Noise,Power Management,2,0.85,687,758,1639,2608,2253,18607,31215
51,2025-12-22,SEM-PMI-010,Regulador LDO 3.3V 1A Low-Noise,Power Management,2,0.85,731,808,242,349,2287,18041,31322
52,2025-12-29,SEM-PMI-010,Regulador LDO 3.3V 1A Low-Noise,Power Management,2,0.85,660,670,1700,2247,2272,19071,31869
1,2025-01-06,SEM-PMI-011,Convertidor Buck DC-DC Synchronous 5V 3A,Power Management,3,1.4,488,520,156,223,1482,2636,8067
2,2025-01-13,SEM-PMI-011,Convertidor Buck DC-DC Synchronous 5V 3A,Power Management,3,1.4,562,585,1339,1946,1465,3390,8674
3,2025-01-20,SEM-PMI-011,Convertidor Buck DC-DC Synchronous 5V 3A,Power Management,3,1.4,535,555,166,228,1444,3001,8736
4,2025-01-27,SEM-PMI-011,Convertidor Buck DC-DC Synchronous 5V 3A,Power Management,3,1.4,574,591,1422,1877,1450,3832,9191
5,2025-02-03,SEM-PMI-011,Convertidor Buck DC-DC Synchronous 5V 3A,Power Management,3,1.4,534,564,169,256,1504,3437,9278
6,2025-02-10,SEM-PMI-011,Convertidor Buck DC-DC Synchronous 5V 3A,Power Management,3,1.4,602,610,1483,2266,1556,4310,10061
7,2025-02-17,SEM-PMI-011,Convertidor Buck DC-DC Synchronous 5V 3A,Power Management,3,1.4,582,556,166,211,1519,3920,10106
8,2025-02-24,SEM-PMI-011,Convertidor Buck DC-DC Synchronous 5V 3A,Power Management,3,1.4,584,621,1354,2062,1516,4653,10814
9,2025-03-03,SEM-PMI-011,Convertidor Buck DC-DC Synchronous 5V 3A,Power Management,3,1.4,557,530,159,207,1443,4282,10862
10,2025-03-10,SEM-PMI-011,Convertidor Buck DC-DC Synchronous 5V 3A,Power Management,3,1.4,617,596,1457,2284,1460,5143,11689
11,2025-03-17,SEM-PMI-011,Convertidor Buck DC-DC Synchronous 5V 3A,Power Management,3,1.4,579,627,188,263,1471,4704,11764
12,2025-03-24,SEM-PMI-011,Convertidor Buck DC-DC Synchronous 5V 3A,Power Management,3,1.4,639,702,1713,2464,1546,5715,12515
13,2025-03-31,SEM-PMI-011,Convertidor Buck DC-DC Synchronous 5V 3A,Power Management,3,1.4,519,570,171,236,1624,5316,12580
14,2025-04-07,SEM-PMI-011,Convertidor Buck DC-DC Synchronous 5V 3A,Power Management,3,1.4,594,554,1253,1804,1603,6015,13131
15,2025-04-14,SEM-PMI-011,Convertidor Buck DC-DC Synchronous 5V 3A,Power Management,3,1.4,600,592,177,229,1559,5600,13183
16,2025-04-21,SEM-PMI-011,Convertidor Buck DC-DC Synchronous 5V 3A,Power Management,3,1.4,616,674,1606,2424,1593,6532,14001
17,2025-04-28,SEM-PMI-011,Convertidor Buck DC-DC Synchronous 5V 3A,Power Management,3,1.4,562,552,165,220,1587,6145,14056
18,2025-05-05,SEM-PMI-011,Convertidor Buck DC-DC Synchronous 5V 3A,Power Management,3,1.4,599,568,1279,1918,1510,6856,14695
19,2025-05-12,SEM-PMI-011,Convertidor Buck DC-DC Synchronous 5V 3A,Power Management,3,1.4,559,606,181,233,1606,6431,14747
20,2025-05-19,SEM-PMI-011,Convertidor Buck DC-DC Synchronous 5V 3A,Power Management,3,1.4,606,612,1488,2121,1569,7307,15380
21,2025-05-26,SEM-PMI-011,Convertidor Buck DC-DC Synchronous 5V 3A,Power Management,3,1.4,541,575,172,258,1647,6904,15466
22,2025-06-02,SEM-PMI-011,Convertidor Buck DC-DC Synchronous 5V 3A,Power Management,3,1.4,528,548,1323,1985,1643,7679,16128
23,2025-06-09,SEM-PMI-011,Convertidor Buck DC-DC Synchronous 5V 3A,Power Management,3,1.4,498,548,164,238,1714,7295,16202
24,2025-06-16,SEM-PMI-011,Convertidor Buck DC-DC Synchronous 5V 3A,Power Management,3,1.4,513,515,1179,1727,1755,7959,16750
25,2025-06-23,SEM-PMI-011,Convertidor Buck DC-DC Synchronous 5V 3A,Power Management,3,1.4,533,555,166,208,1786,7570,16792
26,2025-06-30,SEM-PMI-011,Convertidor Buck DC-DC Synchronous 5V 3A,Power Management,3,1.4,626,650,1433,2252,1764,8353,17611
27,2025-07-07,SEM-PMI-011,Convertidor Buck DC-DC Synchronous 5V 3A,Power Management,3,1.4,516,490,147,213,1696,8010,17677
28,2025-07-14,SEM-PMI-011,Convertidor Buck DC-DC Synchronous 5V 3A,Power Management,3,1.4,516,518,1290,2034,1733,8782,18421
29,2025-07-21,SEM-PMI-011,Convertidor Buck DC-DC Synchronous 5V 3A,Power Management,3,1.4,464,444,133,205,1663,8471,18493
30,2025-07-28,SEM-PMI-011,Convertidor Buck DC-DC Synchronous 5V 3A,Power Management,3,1.4,692,795,2028,2903,1755,9704,19368
31,2025-08-04,SEM-PMI-011,Convertidor Buck DC-DC Synchronous 5V 3A,Power Management,3,1.4,619,711,1773,2343,1853,10766,19938
32,2025-08-11,SEM-PMI-011,Convertidor Buck DC-DC Synchronous 5V 3A,Power Management,3,1.4,518,362,782,1068,1709,11186,20224
33,2025-08-18,SEM-PMI-011,Convertidor Buck DC-DC Synchronous 5V 3A,Power Management,3,1.4,497,347,104,163,1515,10943,20283
34,2025-08-25,SEM-PMI-011,Convertidor Buck DC-DC Synchronous 5V 3A,Power Management,3,1.4,444,439,1093,1539,1502,11597,20729
35,2025-09-01,SEM-PMI-011,Convertidor Buck DC-DC Synchronous 5V 3A,Power Management,3,1.4,465,443,132,166,1462,11286,20763
36,2025-09-08,SEM-PMI-011,Convertidor Buck DC-DC Synchronous 5V 3A,Power Management,3,1.4,390,387,937,1378,1436,11836,21204
37,2025-09-15,SEM-PMI-011,Convertidor Buck DC-DC Synchronous 5V 3A,Power Management,3,1.4,444,495,148,208,1456,11489,21264
38,2025-09-22,SEM-PMI-011,Convertidor Buck DC-DC Synchronous 5V 3A,Power Management,3,1.4,387,388,852,1362,1455,11953,21774
39,2025-09-29,SEM-PMI-011,Convertidor Buck DC-DC Synchronous 5V 3A,Power Management,3,1.4,402,401,120,167,1459,11672,21821
40,2025-10-06,SEM-PMI-011,Convertidor Buck DC-DC Synchronous 5V 3A,Power Management,3,1.4,400,439,988,1300,1492,12221,22133
41,2025-10-13,SEM-PMI-011,Convertidor Buck DC-DC Synchronous 5V 3A,Power Management,3,1.4,480,497,149,201,1505,11873,22185
42,2025-10-20,SEM-PMI-011,Convertidor Buck DC-DC Synchronous 5V 3A,Power Management,3,1.4,430,440,1056,1497,1558,12489,22626
43,2025-10-27,SEM-PMI-011,Convertidor Buck DC-DC Synchronous 5V 3A,Power Management,3,1.4,406,388,116,179,1492,12217,22689
44,2025-11-03,SEM-PMI-011,Convertidor Buck DC-DC Synchronous 5V 3A,Power Management,3,1.4,460,457,1042,1537,1535,12802,23184
45,2025-11-10,SEM-PMI-011,Convertidor Buck DC-DC Synchronous 5V 3A,Power Management,3,1.4,493,456,136,180,1535,12482,23228
46,2025-11-17,SEM-PMI-011,Convertidor Buck DC-DC Synchronous 5V 3A,Power Management,3,1.4,512,491,1172,1709,1530,13163,23765
47,2025-11-24,SEM-PMI-011,Convertidor Buck DC-DC Synchronous 5V 3A,Power Management,3,1.4,478,508,152,232,1597,12807,23845
48,2025-12-01,SEM-PMI-011,Convertidor Buck DC-DC Synchronous 5V 3A,Power Management,3,1.4,518,551,1402,2159,1647,13658,24602
49,2025-12-08,SEM-PMI-011,Convertidor Buck DC-DC Synchronous 5V 3A,Power Management,3,1.4,423,396,118,173,1602,13380,24657
50,2025-12-15,SEM-PMI-011,Convertidor Buck DC-DC Synchronous 5V 3A,Power Management,3,1.4,462,444,964,1266,1569,13900,24959
51,2025-12-22,SEM-PMI-011,Convertidor Buck DC-DC Synchronous 5V 3A,Power Management,3,1.4,563,620,186,273,1586,13466,25046
52,2025-12-29,SEM-PMI-011,Convertidor Buck DC-DC Synchronous 5V 3A,Power Management,3,1.4,556,540,1258,1832,1531,14184,25620
1,2025-01-06,SEM-FET-101,MOSFET N-Channel 60V 30A TO-220,Discretos,2,0.45,382,393,117,164,1504,2724,8047
2,2025-01-13,SEM-FET-101,MOSFET N-Channel 60V 30A TO-220,Discretos,2,0.45,494,476,1236,1882,1516,3484,8693
3,2025-01-20,SEM-FET-101,MOSFET N-Channel 60V 30A TO-220,Discretos,2,0.45,439,482,144,220,1589,3146,8769
4,2025-01-27,SEM-FET-101,MOSFET N-Channel 60V 30A TO-220,Discretos,2,0.45,487,495,1183,1785,1612,3834,9371
5,2025-02-03,SEM-FET-101,MOSFET N-Channel 60V 30A TO-220,Discretos,2,0.45,405,383,114,175,1543,3565,9432
6,2025-02-10,SEM-FET-101,MOSFET N-Channel 60V 30A TO-220,Discretos,2,0.45,488,461,1182,1763,1502,4286,10013
7,2025-02-17,SEM-FET-101,MOSFET N-Channel 60V 30A TO-220,Discretos,2,0.45,473,461,138,199,1464,3963,10074
8,2025-02-24,SEM-FET-101,MOSFET N-Channel 60V 30A TO-220,Discretos,2,0.45,433,441,1095,1409,1507,4617,10388
9,2025-03-03,SEM-FET-101,MOSFET N-Channel 60V 30A TO-220,Discretos,2,0.45,484,503,150,222,1546,4264,10460
10,2025-03-10,SEM-FET-101,MOSFET N-Channel 60V 30A TO-220,Discretos,2,0.45,515,532,1349,1877,1574,5081,10988
11,2025-03-17,SEM-FET-101,MOSFET N-Channel 60V 30A TO-220,Discretos,2,0.45,456,434,130,196,1552,4777,11054
12,2025-03-24,SEM-FET-101,MOSFET N-Channel 60V 30A TO-220,Discretos,2,0.45,482,452,1133,1443,1482,5458,11364
13,2025-03-31,SEM-FET-101,MOSFET N-Channel 60V 30A TO-220,Discretos,2,0.45,446,474,142,192,1558,5126,11414
14,2025-04-07,SEM-FET-101,MOSFET N-Channel 60V 30A TO-220,Discretos,2,0.45,429,476,1113,1762,1576,5763,12063
15,2025-04-14,SEM-FET-101,MOSFET N-Channel 60V 30A TO-220,Discretos,2,0.45,447,414,124,166,1591,5473,12105
16,2025-04-21,SEM-FET-101,MOSFET N-Channel 60V 30A TO-220,Discretos,2,0.45,504,548,1392,2205,1682,6317,12918
17,2025-04-28,SEM-FET-101,MOSFET N-Channel 60V 30A TO-220,Discretos,2,0.45,456,450,135,185,1626,6002,12968
18,2025-05-05,SEM-FET-101,MOSFET N-Channel 60V 30A TO-220,Discretos,2,0.45,557,567,1400,1963,1624,6835,13531
19,2025-05-12,SEM-FET-101,MOSFET N-Channel 60V 30A TO-220,Discretos,2,0.45,502,558,167,254,1686,6444,13618
20,2025-05-19,SEM-FET-101,MOSFET N-Channel 60V 30A TO-220,Discretos,2,0.45,438,442,991,1426,1727,6993,14053
21,2025-05-26,SEM-FET-101,MOSFET N-Channel 60V 30A TO-220,Discretos,2,0.45,479,513,153,230,1790,6633,14130
22,2025-06-02,SEM-FET-101,MOSFET N-Channel 60V 30A TO-220,Discretos,2,0.45,494,538,1222,1736,1798,7317,14644
23,2025-06-09,SEM-FET-101,MOSFET N-Channel 60V 30A TO-220,Discretos,2,0.45,431,454,136,172,1786,6999,14680
24,2025-06-16,SEM-FET-101,MOSFET N-Channel 60V 30A TO-220,Discretos,2,0.45,438,484,1084,1570,1788,7599,15166
25,2025-06-23,SEM-FET-101,MOSFET N-Channel 60V 30A TO-220,Discretos,2,0.45,441,491,147,232,1869,7255,15251
26,2025-06-30,SEM-FET-101,MOSFET N-Channel 60V 30A TO-220,Discretos,2,0.45,411,439,959,1351,1905,7775,15643
27,2025-07-07,SEM-FET-101,MOSFET N-Channel 60V 30A TO-220,Discretos,2,0.45,365,344,103,131,1870,7534,15671
28,2025-07-14,SEM-FET-101,MOSFET N-Channel 60V 30A TO-220,Discretos,2,0.45,420,430,1014,1411,1868,8118,16068
29,2025-07-21,SEM-FET-101,MOSFET N-Channel 60V 30A TO-220,Discretos,2,0.45,409,440,132,179,1930,7810,16115
30,2025-07-28,SEM-FET-101,MOSFET N-Channel 60V 30A TO-220,Discretos,2,0.45,494,568,1359,1901,2019,8601,16657
31,2025-08-04,SEM-FET-101,MOSFET N-Channel 60V 30A TO-220,Discretos,2,0.45,607,698,1758,2811,2088,9661,17710
32,2025-08-11,SEM-FET-101,MOSFET N-Channel 60V 30A TO-220,Discretos,2,0.45,378,264,661,919,1980,10058,17968
33,2025-08-18,SEM-FET-101,MOSFET N-Channel 60V 30A TO-220,Discretos,2,0.45,324,226,67,93,1861,9899,17994
34,2025-08-25,SEM-FET-101,MOSFET N-Channel 60V 30A TO-220,Discretos,2,0.45,383,384,902,1360,1905,10417,18452
35,2025-09-01,SEM-FET-101,MOSFET N-Channel 60V 30A TO-220,Discretos,2,0.45,363,355,106,164,1864,10168,18510
36,2025-09-08,SEM-FET-101,MOSFET N-Channel 60V 30A TO-220,Discretos,2,0.45,356,344,749,940,1880,10573,18701
37,2025-09-15,SEM-FET-101,MOSFET N-Channel 60V 30A TO-220,Discretos,2,0.45,302,318,95,126,1882,10350,18732
38,2025-09-22,SEM-FET-101,MOSFET N-Channel 60V 30A TO-220,Discretos,2,0.45,322,346,761,1062,1911,10765,19033
39,2025-09-29,SEM-FET-101,MOSFET N-Channel 60V 30A TO-220,Discretos,2,0.45,363,399,119,189,1967,10485,19103
40,2025-10-06,SEM-FET-101,MOSFET N-Channel 60V 30A TO-220,Discretos,2,0.45,383,428,969,1530,2024,11026,19664
41,2025-10-13,SEM-FET-101,MOSFET N-Channel 60V 30A TO-220,Discretos,2,0.45,375,354,106,134,2009,10778,19692
42,2025-10-20,SEM-FET-101,MOSFET N-Channel 60V 30A TO-220,Discretos,2,0.45,345,332,744,1133,1951,11190,20081
43,2025-10-27,SEM-FET-101,MOSFET N-Channel 60V 30A TO-220,Discretos,2,0.45,378,364,109,156,1906,10935,20128
44,2025-11-03,SEM-FET-101,MOSFET N-Channel 60V 30A TO-220,Discretos,2,0.45,402,449,1004,1394,1952,11490,20518
45,2025-11-10,SEM-FET-101,MOSFET N-Channel 60V 30A TO-220,Discretos,2,0.45,377,414,124,175,1951,11200,20569
46,2025-11-17,SEM-FET-101,MOSFET N-Channel 60V 30A TO-220,Discretos,2,0.45,377,363,871,1269,1900,11708,20967
47,2025-11-24,SEM-FET-101,MOSFET N-Channel 60V 30A TO-220,Discretos,2,0.45,379,378,113,152,1877,11443,21006
48,2025-12-01,SEM-FET-101,MOSFET N-Channel 60V 30A TO-220,Discretos,2,0.45,424,465,1204,1868,1876,12182,21670
49,2025-12-08,SEM-FET-101,MOSFET N-Channel 60V 30A TO-220,Discretos,2,0.45,412,439,131,176,1931,11874,21715
50,2025-12-15,SEM-FET-101,MOSFET N-Channel 60V 30A TO-220,Discretos,2,0.45,397,365,902,1142,1866,12411,21955
51,2025-12-22,SEM-FET-101,MOSFET N-Channel 60V 30A TO-220,Discretos,2,0.45,394,429,128,182,1946,12110,22009
52,2025-12-29,SEM-FET-101,MOSFET N-Channel 60V 30A TO-220,Discretos,2,0.45,426,435,1117,1619,1944,12792,22511
1,2025-01-06,SEM-FET-102,MOSFET P-Channel 30V 12A SO-8,Discretos,2,0.38,834,889,266,381,1584,2377,8115
2,2025-01-13,SEM-FET-102,MOSFET P-Channel 30V 12A SO-8,Discretos,2,0.38,788,828,2105,3270,1614,3654,9280
3,2025-01-20,SEM-FET-102,MOSFET P-Channel 30V 12A SO-8,Discretos,2,0.38,718,794,238,306,1666,3098,9348
4,2025-01-27,SEM-FET-102,MOSFET P-Channel 30V 12A SO-8,Discretos,2,0.38,757,810,1807,2815,1726,4095,10356
5,2025-02-03,SEM-FET-102,MOSFET P-Channel 30V 12A SO-8,Discretos,2,0.38,885,815,244,375,1658,3524,10487
6,2025-02-10,SEM-FET-102,MOSFET P-Channel 30V 12A SO-8,Discretos,2,0.38,821,877,1957,3006,1741,4604,11536
7,2025-02-17,SEM-FET-102,MOSFET P-Channel 30V 12A SO-8,Discretos,2,0.38,783,750,225,287,1684,4079,11598
8,2025-02-24,SEM-FET-102,MOSFET P-Channel 30V 12A SO-8,Discretos,2,0.38,904,1009,2466,3306,1798,5536,12438
9,2025-03-03,SEM-FET-102,MOSFET P-Channel 30V 12A SO-8,Discretos,2,0.38,826,762,228,319,1781,5002,12529
10,2025-03-10,SEM-FET-102,MOSFET P-Channel 30V 12A SO-8,Discretos,2,0.38,812,802,1960,3089,1813,6160,13658
11,2025-03-17,SEM-FET-102,MOSFET P-Channel 30V 12A SO-8,Discretos,2,0.38,824,885,265,419,1887,5540,13812
12,2025-03-24,SEM-FET-102,MOSFET P-Channel 30V 12A SO-8,Discretos,2,0.38,899,954,2089,3036,1956,6675,14759
13,2025-03-31,SEM-FET-102,MOSFET P-Channel 30V 12A SO-8,Discretos,2,0.38,825,865,259,377,2021,6069,14877
14,2025-04-07,SEM-FET-102,MOSFET P-Channel 30V 12A SO-8,Discretos,2,0.38,997,922,2000,2726,1974,7147,15603
15,2025-04-14,SEM-FET-102,MOSFET P-Channel 30V 12A SO-8,Discretos,2,0.38,823,757,227,296,1955,6617,15672
16,2025-04-21,SEM-FET-102,MOSFET P-Channel 30V 12A SO-8,Discretos,2,0.38,908,1016,2389,3363,2051,7990,16646
17,2025-04-28,SEM-FET-102,MOSFET P-Channel 30V 12A SO-8,Discretos,2,0.38,941,921,276,426,2027,7345,16796
18,2025-05-05,SEM-FET-102,MOSFET P-Channel 30V 12A SO-8,Discretos,2,0.38,853,900,2209,2972,2104,8654,17559
19,2025-05-12,SEM-FET-102,MOSFET P-Channel 30V 12A SO-8,Discretos,2,0.38,866,945,283,449,2151,7992,17725
20,2025-05-19,SEM-FET-102,MOSFET P-Channel 30V 12A SO-8,Discretos,2,0.38,844,822,2139,2980,2116,9309,18566
21,2025-05-26,SEM-FET-102,MOSFET P-Channel 30V 12A SO-8,Discretos,2,0.38,770,713,213,314,2020,8809,18667
22,2025-06-02,SEM-FET-102,MOSFET P-Channel 30V 12A SO-8,Discretos,2,0.38,762,786,1864,2684,2053,9887,19487
23,2025-06-09,SEM-FET-102,MOSFET P-Channel 30V 12A SO-8,Discretos,2,0.38,810,871,261,396,2109,9277,19622
24,2025-06-16,SEM-FET-102,MOSFET P-Channel 30V 12A SO-8,Discretos,2,0.38,765,784,1699,2597,2121,10192,20520
25,2025-06-23,SEM-FET-102,MOSFET P-Channel 30V 12A SO-8,Discretos,2,0.38,843,856,256,330,2100,9592,20594
26,2025-06-30,SEM-FET-102,MOSFET P-Channel 30V 12A SO-8,Discretos,2,0.38,782,814,1848,2671,2129,10626,21417
27,2025-07-07,SEM-FET-102,MOSFET P-Channel 30V 12A SO-8,Discretos,2,0.38,695,720,216,290,2191,10122,21491
28,2025-07-14,SEM-FET-102,MOSFET P-Channel 30V 12A SO-8,Discretos,2,0.38,725,729,1897,2470,2165,11290,22064
29,2025-07-21,SEM-FET-102,MOSFET P-Channel 30V 12A SO-8,Discretos,2,0.38,703,714,214,312,2157,10790,22162
30,2025-07-28,SEM-FET-102,MOSFET P-Channel 30V 12A SO-8,Discretos,2,0.38,992,1140,2799,4240,2295,12449,23603
31,2025-08-04,SEM-FET-102,MOSFET P-Channel 30V 12A SO-8,Discretos,2,0.38,1031,1185,2615,3490,2444,13879,24478
32,2025-08-11,SEM-FET-102,MOSFET P-Channel 30V 12A SO-8,Discretos,2,0.38,647,452,1005,1431,2284,14432,24904
33,2025-08-18,SEM-FET-102,MOSFET P-Channel 30V 12A SO-8,Discretos,2,0.38,635,444,133,202,2139,14121,24973
34,2025-08-25,SEM-FET-102,MOSFET P-Channel 30V 12A SO-8,Discretos,2,0.38,599,613,1348,1850,2135,14856,25475
35,2025-09-01,SEM-FET-102,MOSFET P-Channel 30V 12A SO-8,Discretos,2,0.38,628,618,185,294,2164,14423,25584
36,2025-09-08,SEM-FET-102,MOSFET P-Channel 30V 12A SO-8,Discretos,2,0.38,703,743,1872,2471,2197,15552,26183
37,2025-09-15,SEM-FET-102,MOSFET P-Channel 30V 12A SO-8,Discretos,2,0.38,657,697,209,263,2192,15064,26237
38,2025-09-22,SEM-FET-102,MOSFET P-Channel 30V 12A SO-8,Discretos,2,0.38,599,624,1519,2057,2242,15959,26775
39,2025-09-29,SEM-FET-102,MOSFET P-Channel 30V 12A SO-8,Discretos,2,0.38,660,713,213,291,2251,15459,26853
40,2025-10-06,SEM-FET-102,MOSFET P-Channel 30V 12A SO-8,Discretos,2,0.38,675,710,1710,2495,2257,16459,27638
41,2025-10-13,SEM-FET-102,MOSFET P-Channel 30V 12A SO-8,Discretos,2,0.38,750,768,230,346,2299,15921,27754
42,2025-10-20,SEM-FET-102,MOSFET P-Channel 30V 12A SO-8,Discretos,2,0.38,611,650,1577,2330,2312,16848,28507
43,2025-10-27,SEM-FET-102,MOSFET P-Channel 30V 12A SO-8,Discretos,2,0.38,636,709,212,289,2342,16351,28584
44,2025-11-03,SEM-FET-102,MOSFET P-Channel 30V 12A SO-8,Discretos,2,0.38,682,746,1756,2221,2399,17361,29049
45,2025-11-10,SEM-FET-102,MOSFET P-Channel 30V 12A SO-8,Discretos,2,0.38,760,733,219,350,2380,16847,29180
46,2025-11-17,SEM-FET-102,MOSFET P-Channel 30V 12A SO-8,Discretos,2,0.38,701,736,1655,2462,2457,17766,29987
47,2025-11-24,SEM-FET-102,MOSFET P-Channel 30V 12A SO-8,Discretos,2,0.38,614,668,200,262,2545,17298,30049
48,2025-12-01,SEM-FET-102,MOSFET P-Channel 30V 12A SO-8,Discretos,2,0.38,679,723,1803,2522,2542,18378,30768
49,2025-12-08,SEM-FET-102,MOSFET P-Channel 30V 12A SO-8,Discretos,2,0.38,762,777,233,335,2557,17834,30870
50,2025-12-15,SEM-FET-102,MOSFET P-Channel 30V 12A SO-8,Discretos,2,0.38,770,797,1878,2824,2633,18915,31816
51,2025-12-22,SEM-FET-102,MOSFET P-Channel 30V 12A SO-8,Discretos,2,0.38,642,666,199,312,2618,18448,31929
52,2025-12-29,SEM-FET-102,MOSFET P-Channel 30V 12A SO-8,Discretos,2,0.38,718,715,1694,2613,2661,19427,32848
1,2025-01-06,SEM-MEM-201,Memoria Flash SPI 64Mb 104MHz,Memorias,5,1.8,738,767,230,338,1492,2463,8108
2,2025-01-13,SEM-MEM-201,Memoria Flash SPI 64Mb 104MHz,Memorias,5,1.8,867,966,2165,3353,1581,3662,9296
3,2025-01-20,SEM-MEM-201,Memoria Flash SPI 64Mb 104MHz,Memorias,5,1.8,828,835,250,357,1626,3077,9403
4,2025-01-27,SEM-MEM-201,Memoria Flash SPI 64Mb 104MHz,Memorias,5,1.8,782,823,1812,2678,1705,4066,10269
5,2025-02-03,SEM-MEM-201,Memoria Flash SPI 64Mb 104MHz,Memorias,5,1.8,733,787,236,305,1753,3515,10338
6,2025-02-10,SEM-MEM-201,Memoria Flash SPI 64Mb 104MHz,Memorias,5,1.8,905,875,1982,3090,1686,4622,11446
7,2025-02-17,SEM-MEM-201,Memoria Flash SPI 64Mb 104MHz,Memorias,5,1.8,798,840,252,327,1682,4034,11521
8,2025-02-24,SEM-MEM-201,Memoria Flash SPI 64Mb 104MHz,Memorias,5,1.8,714,692,1686,2524,1673,5028,12359
9,2025-03-03,SEM-MEM-201,Memoria Flash SPI 64Mb 104MHz,Memorias,5,1.8,765,796,238,327,1729,4470,12448
10,2025-03-10,SEM-MEM-201,Memoria Flash SPI 64Mb 104MHz,Memorias,5,1.8,755,766,1945,2979,1717,5649,13482
11,2025-03-17,SEM-MEM-201,Memoria Flash SPI 64Mb 104MHz,Memorias,5,1.8,875,899,269,339,1768,5019,13552
12,2025-03-24,SEM-MEM-201,Memoria Flash SPI 64Mb 104MHz,Memorias,5,1.8,941,876,2101,3314,1681,6244,14765
13,2025-03-31,SEM-MEM-201,Memoria Flash SPI 64Mb 104MHz,Memorias,5,1.8,781,746,223,285,1628,5721,14827
14,2025-04-07,SEM-MEM-201,Memoria Flash SPI 64Mb 104MHz,Memorias,5,1.8,909,928,2021,2631,1649,6814,15437
15,2025-04-14,SEM-MEM-201,Memoria Flash SPI 64Mb 104MHz,Memorias,5,1.8,1000,923,276,376,1550,6167,15537
16,2025-04-21,SEM-MEM-201,Memoria Flash SPI 64Mb 104MHz,Memorias,5,1.8,845,924,2184,3124,1628,7427,16477
17,2025-04-28,SEM-MEM-201,Memoria Flash SPI 64Mb 104MHz,Memorias,5,1.8,883,834,250,324,1580,6843,16551
18,2025-05-05,SEM-MEM-201,Memoria Flash SPI 64Mb 104MHz,Memorias,5,1.8,705,747,1681,2497,1656,7777,17367
19,2025-05-12,SEM-MEM-201,Memoria Flash SPI 64Mb 104MHz,Memorias,5,1.8,857,864,259,402,1698,7172,17510
20,2025-05-19,SEM-MEM-201,Memoria Flash SPI 64Mb 104MHz,Memorias,5,1.8,785,762,1872,2981,1667,8282,18619
21,2025-05-26,SEM-MEM-201,Memoria Flash SPI 64Mb 104MHz,Memorias,5,1.8,816,851,255,396,1727,7686,18760
22,2025-06-02,SEM-MEM-201,Memoria Flash SPI 64Mb 104MHz,Memorias,5,1.8,935,881,2218,3485,1623,9023,20027
23,2025-06-09,SEM-MEM-201,Memoria Flash SPI 64Mb 104MHz,Memorias,5,1.8,834,832,249,368,1660,8440,20146
24,2025-06-16,SEM-MEM-201,Memoria Flash SPI 64Mb 104MHz,Memorias,5,1.8,709,701,1564,2286,1664,9303,20868
25,2025-06-23,SEM-MEM-201,Memoria Flash SPI 64Mb 104MHz,Memorias,5,1.8,763,834,250,380,1761,8719,20998
26,2025-06-30,SEM-MEM-201,Memoria Flash SPI 64Mb 104MHz,Memorias,5,1.8,773,755,1667,2463,1696,9631,21794
27,2025-07-07,SEM-MEM-201,Memoria Flash SPI 64Mb 104MHz,Memorias,5,1.8,802,860,258,394,1786,9029,21930
28,2025-07-14,SEM-MEM-201,Memoria Flash SPI 64Mb 104MHz,Memorias,5,1.8,760,831,1935,2619,1877,10133,22614
29,2025-07-21,SEM-MEM-201,Memoria Flash SPI 64Mb 104MHz,Memorias,5,1.8,640,677,203,281,1952,9659,22692
30,2025-07-28,SEM-MEM-201,Memoria Flash SPI 64Mb 104MHz,Memorias,5,1.8,913,1049,2547,3670,2072,11157,23815
31,2025-08-04,SEM-MEM-201,Memoria Flash SPI 64Mb 104MHz,Memorias,5,1.8,1170,1345,3280,4632,2199,13092,25167
32,2025-08-11,SEM-MEM-201,Memoria Flash SPI 64Mb 104MHz,Memorias,5,1.8,733,513,1233,1951,1994,13812,25885
33,2025-08-18,SEM-MEM-201,Memoria Flash SPI 64Mb 104MHz,Memorias,5,1.8,645,451,135,184,1761,13496,25934
34,2025-08-25,SEM-MEM-201,Memoria Flash SPI 64Mb 104MHz,Memorias,5,1.8,659,625,1498,2001,1776,14369,26437
35,2025-09-01,SEM-MEM-201,Memoria Flash SPI 64Mb 104MHz,Memorias,5,1.8,726,785,235,352,1827,13819,26554
36,2025-09-08,SEM-MEM-201,Memoria Flash SPI 64Mb 104MHz,Memorias,5,1.8,677,625,1405,1759,1771,14599,26908
37,2025-09-15,SEM-MEM-201,Memoria Flash SPI 64Mb 104MHz,Memorias,5,1.8,583,559,167,236,1715,14207,26977
38,2025-09-22,SEM-MEM-201,Memoria Flash SPI 64Mb 104MHz,Memorias,5,1.8,720,677,1610,2157,1673,15140,27524
39,2025-09-29,SEM-MEM-201,Memoria Flash SPI 64Mb 104MHz,Memorias,5,1.8,667,684,205,297,1675,14661,27616
40,2025-10-06,SEM-MEM-201,Memoria Flash SPI 64Mb 104MHz,Memorias,5,1.8,652,693,1621,2580,1755,15589,28575
41,2025-10-13,SEM-MEM-201,Memoria Flash SPI 64Mb 104MHz,Memorias,5,1.8,637,672,201,264,1752,15118,28638
42,2025-10-20,SEM-MEM-201,Memoria Flash SPI 64Mb 104MHz,Memorias,5,1.8,639,611,1400,2138,1734,15907,29376
43,2025-10-27,SEM-MEM-201,Memoria Flash SPI 64Mb 104MHz,Memorias,5,1.8,726,747,224,283,1751,15384,29435
44,2025-11-03,SEM-MEM-201,Memoria Flash SPI 64Mb 104MHz,Memorias,5,1.8,656,728,1769,2718,1858,16425,30384
45,2025-11-10,SEM-MEM-201,Memoria Flash SPI 64Mb 104MHz,Memorias,5,1.8,740,776,232,304,1885,15881,30456
46,2025-11-17,SEM-MEM-201,Memoria Flash SPI 64Mb 104MHz,Memorias,5,1.8,701,771,1787,2381,1941,16897,31050
47,2025-11-24,SEM-MEM-201,Memoria Flash SPI 64Mb 104MHz,Memorias,5,1.8,748,815,244,362,2046,16326,31168
48,2025-12-01,SEM-MEM-201,Memoria Flash SPI 64Mb 104MHz,Memorias,5,1.8,650,610,1488,2095,2024,17204,31775
49,2025-12-08,SEM-MEM-201,Memoria Flash SPI 64Mb 104MHz,Memorias,5,1.8,743,811,243,322,2122,16636,31854
50,2025-12-15,SEM-MEM-201,Memoria Flash SPI 64Mb 104MHz,Memorias,5,1.8,684,653,1502,1998,2111,17485,32350
51,2025-12-22,SEM-MEM-201,Memoria Flash SPI 64Mb 104MHz,Memorias,5,1.8,649,647,194,282,2083,17032,32438
52,2025-12-29,SEM-MEM-201,Memoria Flash SPI 64Mb 104MHz,Memorias,5,1.8,770,860,1910,2852,2189,18082,33380
1,2025-01-06,SEM-MEM-202,EEPROM I2C 256Kb SOIC-8,Memorias,3,0.65,509,538,161,257,1538,2623,8096
2,2025-01-13,SEM-MEM-202,EEPROM I2C 256Kb SOIC-8,Memorias,3,0.65,436,472,1147,1569,1555,3298,8518
3,2025-01-20,SEM-MEM-202,EEPROM I2C 256Kb SOIC-8,Memorias,3,0.65,450,421,126,196,1478,3003,8588
4,2025-01-27,SEM-MEM-202,EEPROM I2C 256Kb SOIC-8,Memorias,3,0.65,464,464,1078,1477,1495,3617,8987
5,2025-02-03,SEM-MEM-202,EEPROM I2C 256Kb SOIC-8,Memorias,3,0.65,525,553,165,210,1504,3229,9032
6,2025-02-10,SEM-MEM-202,EEPROM I2C 256Kb SOIC-8,Memorias,3,0.65,476,489,1249,1845,1510,3989,9628
7,2025-02-17,SEM-MEM-202,EEPROM I2C 256Kb SOIC-8,Memorias,3,0.65,444,467,140,223,1484,3662,9711
8,2025-02-24,SEM-MEM-202,EEPROM I2C 256Kb SOIC-8,Memorias,3,0.65,446,442,1152,1619,1437,4372,10178
9,2025-03-03,SEM-MEM-202,EEPROM I2C 256Kb SOIC-8,Memorias,3,0.65,466,518,155,228,1485,4009,10251
10,2025-03-10,SEM-MEM-202,EEPROM I2C 256Kb SOIC-8,Memorias,3,0.65,509,488,1171,1503,1468,4692,10583
11,2025-03-17,SEM-MEM-202,EEPROM I2C 256Kb SOIC-8,Memorias,3,0.65,475,500,150,229,1458,4342,10662
12,2025-03-24,SEM-MEM-202,EEPROM I2C 256Kb SOIC-8,Memorias,3,0.65,556,554,1226,1950,1410,5014,11386
13,2025-03-31,SEM-MEM-202,EEPROM I2C 256Kb SOIC-8,Memorias,3,0.65,542,525,157,233,1426,4646,11462
14,2025-04-07,SEM-MEM-202,EEPROM I2C 256Kb SOIC-8,Memorias,3,0.65,537,561,1234,1868,1432,5319,12096
15,2025-04-14,SEM-MEM-202,EEPROM I2C 256Kb SOIC-8,Memorias,3,0.65,511,486,145,184,1392,4978,12135
16,2025-04-21,SEM-MEM-202,EEPROM I2C 256Kb SOIC-8,Memorias,3,0.65,602,590,1344,1849,1414,5732,12640
17,2025-04-28,SEM-MEM-202,EEPROM I2C 256Kb SOIC-8,Memorias,3,0.65,450,459,137,210,1434,5410,12713
18,2025-05-05,SEM-MEM-202,EEPROM I2C 256Kb SOIC-8,Memorias,3,0.65,466,470,1142,1633,1422,6082,13204
19,2025-05-12,SEM-MEM-202,EEPROM I2C 256Kb SOIC-8,Memorias,3,0.65,504,520,156,216,1399,5718,13264
20,2025-05-19,SEM-MEM-202,EEPROM I2C 256Kb SOIC-8,Memorias,3,0.65,539,596,1318,2024,1440,6440,13970
21,2025-05-26,SEM-MEM-202,EEPROM I2C 256Kb SOIC-8,Memorias,3,0.65,492,523,156,202,1427,6073,14016
22,2025-06-02,SEM-MEM-202,EEPROM I2C 256Kb SOIC-8,Memorias,3,0.65,547,536,1177,1637,1431,6714,14476
23,2025-06-09,SEM-MEM-202,EEPROM I2C 256Kb SOIC-8,Memorias,3,0.65,448,497,149,216,1439,6366,14543
24,2025-06-16,SEM-MEM-202,EEPROM I2C 256Kb SOIC-8,Memorias,3,0.65,436,472,1047,1624,1460,6941,15120
25,2025-06-23,SEM-MEM-202,EEPROM I2C 256Kb SOIC-8,Memorias,3,0.65,412,453,135,207,1502,6623,15192
26,2025-06-30,SEM-MEM-202,EEPROM I2C 256Kb SOIC-8,Memorias,3,0.65,451,460,1076,1400,1558,7239,15516
27,2025-07-07,SEM-MEM-202,EEPROM I2C 256Kb SOIC-8,Memorias,3,0.65,450,452,135,183,1587,6922,15564
28,2025-07-14,SEM-MEM-202,EEPROM I2C 256Kb SOIC-8,Memorias,3,0.65,427,467,1067,1651,1608,7522,16148
29,2025-07-21,SEM-MEM-202,EEPROM I2C 256Kb SOIC-8,Memorias,3,0.65,435,456,136,177,1583,7202,16189
30,2025-07-28,SEM-MEM-202,EEPROM I2C 256Kb SOIC-8,Memorias,3,0.65,552,634,1592,2246,1616,8160,16843
31,2025-08-04,SEM-MEM-202,EEPROM I2C 256Kb SOIC-8,Memorias,3,0.65,684,786,1916,2594,1754,9290,17521
32,2025-08-11,SEM-MEM-202,EEPROM I2C 256Kb SOIC-8,Memorias,3,0.65,393,275,623,809,1658,9638,17707
33,2025-08-18,SEM-MEM-202,EEPROM I2C 256Kb SOIC-8,Memorias,3,0.65,369,258,77,101,1512,9457,17731
34,2025-08-25,SEM-MEM-202,EEPROM I2C 256Kb SOIC-8,Memorias,3,0.65,412,384,917,1466,1450,9990,18280
35,2025-09-01,SEM-MEM-202,EEPROM I2C 256Kb SOIC-8,Memorias,3,0.65,360,343,102,150,1420,9749,18328
36,2025-09-08,SEM-MEM-202,EEPROM I2C 256Kb SOIC-8,Memorias,3,0.65,357,358,794,1238,1432,10185,18772
37,2025-09-15,SEM-MEM-202,EEPROM I2C 256Kb SOIC-8,Memorias,3,0.65,338,346,103,146,1460,9942,18815
38,2025-09-22,SEM-MEM-202,EEPROM I2C 256Kb SOIC-8,Memorias,3,0.65,415,442,1107,1388,1438,10607,19096
39,2025-09-29,SEM-MEM-202,EEPROM I2C 256Kb SOIC-8,Memorias,3,0.65,367,395,118,171,1502,10330,19149
40,2025-10-06,SEM-MEM-202,EEPROM I2C 256Kb SOIC-8,Memorias,3,0.65,343,324,777,1029,1517,10783,19401
41,2025-10-13,SEM-MEM-202,EEPROM I2C 256Kb SOIC-8,Memorias,3,0.65,389,373,111,141,1482,10521,19431
42,2025-10-20,SEM-MEM-202,EEPROM I2C 256Kb SOIC-8,Memorias,3,0.65,411,418,923,1330,1501,11026,19838
43,2025-10-27,SEM-MEM-202,EEPROM I2C 256Kb SOIC-8,Memorias,3,0.65,329,312,93,120,1467,10807,19865
44,2025-11-03,SEM-MEM-202,EEPROM I2C 256Kb SOIC-8,Memorias,3,0.65,386,380,946,1340,1503,11373,20259
45,2025-11-10,SEM-MEM-202,EEPROM I2C 256Kb SOIC-8,Memorias,3,0.65,364,392,117,182,1544,11098,20324
46,2025-11-17,SEM-MEM-202,EEPROM I2C 256Kb SOIC-8,Memorias,3,0.65,324,349,803,1197,1578,11552,20718
47,2025-11-24,SEM-MEM-202,EEPROM I2C 256Kb SOIC-8,Memorias,3,0.65,397,439,131,175,1590,11244,20762
48,2025-12-01,SEM-MEM-202,EEPROM I2C 256Kb SOIC-8,Memorias,3,0.65,397,430,1024,1418,1658,11838,21156
49,2025-12-08,SEM-MEM-202,EEPROM I2C 256Kb SOIC-8,Memorias,3,0.65,461,430,129,184,1659,11537,21211
50,2025-12-15,SEM-MEM-202,EEPROM I2C 256Kb SOIC-8,Memorias,3,0.65,478,449,1169,1642,1587,12257,21684
51,2025-12-22,SEM-MEM-202,EEPROM I2C 256Kb SOIC-8,Memorias,3,0.65,420,392,117,146,1513,11982,21713
52,2025-12-29,SEM-MEM-202,EEPROM I2C 256Kb SOIC-8,Memorias,3,0.65,447,456,1064,1502,1571,12590,22151
1,2025-01-06,SEM-RFM-301,Modulo Transceptor LoRa 868/915MHz,Conectividad RF,8,8.5,520,521,156,225,1546,2635,8069
2,2025-01-13,SEM-RFM-301,Modulo Transceptor LoRa 868/915MHz,Conectividad RF,8,8.5,610,569,1337,1709,1546,3403,8441
3,2025-01-20,SEM-RFM-301,Modulo Transceptor LoRa 868/915MHz,Conectividad RF,8,8.5,574,554,166,264,1554,3015,8539
4,2025-01-27,SEM-RFM-301,Modulo Transceptor LoRa 868/915MHz,Conectividad RF,8,8.5,586,563,1246,1825,1558,3698,9118
5,2025-02-03,SEM-RFM-301,Modulo Transceptor LoRa 868/915MHz,Conectividad RF,8,8.5,628,618,185,239,1588,3265,9172
6,2025-02-10,SEM-RFM-301,Modulo Transceptor LoRa 868/915MHz,Conectividad RF,8,8.5,589,657,1597,2321,1700,4205,9896
7,2025-02-17,SEM-RFM-301,Modulo Transceptor LoRa 868/915MHz,Conectividad RF,8,8.5,711,676,202,255,1631,3731,9949
8,2025-02-24,SEM-RFM-301,Modulo Transceptor LoRa 868/915MHz,Conectividad RF,8,8.5,624,689,1557,2149,1704,4599,10541
9,2025-03-03,SEM-RFM-301,Modulo Transceptor LoRa 868/915MHz,Conectividad RF,8,8.5,503,479,143,192,1713,4263,10590
10,2025-03-10,SEM-RFM-301,Modulo Transceptor LoRa 868/915MHz,Conectividad RF,8,8.5,661,624,1403,2189,1646,5042,11376
11,2025-03-17,SEM-RFM-301,Modulo Transceptor LoRa 868/915MHz,Conectividad RF,8,8.5,658,718,215,332,1702,4539,11493
12,2025-03-24,SEM-RFM-301,Modulo Transceptor LoRa 868/915MHz,Conectividad RF,8,8.5,589,571,1427,2013,1641,5395,12079
13,2025-03-31,SEM-RFM-301,Modulo Transceptor LoRa 868/915MHz,Conectividad RF,8,8.5,637,609,182,230,1648,4968,12127
14,2025-04-07,SEM-RFM-301,Modulo Transceptor LoRa 868/915MHz,Conectividad RF,8,8.5,697,746,1701,2447,1659,5923,12873
15,2025-04-14,SEM-RFM-301,Modulo Transceptor LoRa 868/915MHz,Conectividad RF,8,8.5,611,650,195,299,1742,5468,12977
16,2025-04-21,SEM-RFM-301,Modulo Transceptor LoRa 868/915MHz,Conectividad RF,8,8.5,609,619,1379,1889,1723,6228,13487
17,2025-04-28,SEM-RFM-301,Modulo Transceptor LoRa 868/915MHz,Conectividad RF,8,8.5,721,736,220,297,1706,5712,13564
18,2025-05-05,SEM-RFM-301,Modulo Transceptor LoRa 868/915MHz,Conectividad RF,8,8.5,656,623,1371,1990,1647,6460,14183
19,2025-05-12,SEM-RFM-301,Modulo Transceptor LoRa 868/915MHz,Conectividad RF,8,8.5,568,574,172,215,1603,6058,14226
20,2025-05-19,SEM-RFM-301,Modulo Transceptor LoRa 868/915MHz,Conectividad RF,8,8.5,614,655,1674,2255,1692,7077,14807
21,2025-05-26,SEM-RFM-301,Modulo Transceptor LoRa 868/915MHz,Conectividad RF,8,8.5,644,618,185,267,1661,6644,14889
22,2025-06-02,SEM-RFM-301,Modulo Transceptor LoRa 868/915MHz,Conectividad RF,8,8.5,556,580,1301,1788,1647,7365,15376
23,2025-06-09,SEM-RFM-301,Modulo Transceptor LoRa 868/915MHz,Conectividad RF,8,8.5,640,697,209,322,1665,6877,15489
24,2025-06-16,SEM-RFM-301,Modulo Transceptor LoRa 868/915MHz,Conectividad RF,8,8.5,674,720,1620,2568,1680,7777,16437
25,2025-06-23,SEM-RFM-301,Modulo Transceptor LoRa 868/915MHz,Conectividad RF,8,8.5,508,498,149,231,1677,7428,16519
26,2025-06-30,SEM-RFM-301,Modulo Transceptor LoRa 868/915MHz,Conectividad RF,8,8.5,519,515,1216,1827,1646,8129,17130
27,2025-07-07,SEM-RFM-301,Modulo Transceptor LoRa 868/915MHz,Conectividad RF,8,8.5,508,534,160,200,1642,7755,17170
28,2025-07-14,SEM-RFM-301,Modulo Transceptor LoRa 868/915MHz,Conectividad RF,8,8.5,503,465,1039,1364,1598,8329,17495
29,2025-07-21,SEM-RFM-301,Modulo Transceptor LoRa 868/915MHz,Conectividad RF,8,8.5,516,524,157,231,1643,7962,17569
30,2025-07-28,SEM-RFM-301,Modulo Transceptor LoRa 868/915MHz,Conectividad RF,8,8.5,700,804,1774,2357,1700,8932,18152
31,2025-08-04,SEM-RFM-301,Modulo Transceptor LoRa 868/915MHz,Conectividad RF,8,8.5,737,847,2057,3004,1819,10142,19099
32,2025-08-11,SEM-RFM-301,Modulo Transceptor LoRa 868/915MHz,Conectividad RF,8,8.5,458,320,810,1153,1713,10632,19442
33,2025-08-18,SEM-RFM-301,Modulo Transceptor LoRa 868/915MHz,Conectividad RF,8,8.5,471,329,98,149,1551,10401,19493
34,2025-08-25,SEM-RFM-301,Modulo Transceptor LoRa 868/915MHz,Conectividad RF,8,8.5,454,492,1177,1625,1632,11086,19941
35,2025-09-01,SEM-RFM-301,Modulo Transceptor LoRa 868/915MHz,Conectividad RF,8,8.5,439,411,123,163,1645,10798,19981
36,2025-09-08,SEM-RFM-301,Modulo Transceptor LoRa 868/915MHz,Conectividad RF,8,8.5,393,419,1093,1723,1665,11472,20611
37,2025-09-15,SEM-RFM-301,Modulo Transceptor LoRa 868/915MHz,Conectividad RF,8,8.5,476,485,145,190,1638,11132,20656
38,2025-09-22,SEM-RFM-301,Modulo Transceptor LoRa 868/915MHz,Conectividad RF,8,8.5,418,418,1060,1467,1596,11774,21063
39,2025-09-29,SEM-RFM-301,Modulo Transceptor LoRa 868/915MHz,Conectividad RF,8,8.5,470,447,134,200,1616,11461,21129
40,2025-10-06,SEM-RFM-301,Modulo Transceptor LoRa 868/915MHz,Conectividad RF,8,8.5,459,498,1136,1625,1655,12099,21618
41,2025-10-13,SEM-RFM-301,Modulo Transceptor LoRa 868/915MHz,Conectividad RF,8,8.5,497,540,162,213,1696,11721,21669
42,2025-10-20,SEM-RFM-301,Modulo Transceptor LoRa 868/915MHz,Conectividad RF,8,8.5,455,458,1182,1769,1738,12445,22256
43,2025-10-27,SEM-RFM-301,Modulo Transceptor LoRa 868/915MHz,Conectividad RF,8,8.5,474,483,144,202,1753,12106,22314
44,2025-11-03,SEM-RFM-301,Modulo Transceptor LoRa 868/915MHz,Conectividad RF,8,8.5,457,421,920,1222,1726,12605,22616
45,2025-11-10,SEM-RFM-301,Modulo Transceptor LoRa 868/915MHz,Conectividad RF,8,8.5,505,512,153,191,1706,12246,22654
46,2025-11-17,SEM-RFM-301,Modulo Transceptor LoRa 868/915MHz,Conectividad RF,8,8.5,477,444,1015,1361,1657,12817,23000
47,2025-11-24,SEM-RFM-301,Modulo Transceptor LoRa 868/915MHz,Conectividad RF,8,8.5,527,587,176,242,1761,12406,23066
48,2025-12-01,SEM-RFM-301,Modulo Transceptor LoRa 868/915MHz,Conectividad RF,8,8.5,472,476,1194,1519,1759,13124,23391
49,2025-12-08,SEM-RFM-301,Modulo Transceptor LoRa 868/915MHz,Conectividad RF,8,8.5,552,546,163,221,1793,12741,23449
50,2025-12-15,SEM-RFM-301,Modulo Transceptor LoRa 868/915MHz,Conectividad RF,8,8.5,603,596,1528,1921,1810,13673,23842
51,2025-12-22,SEM-RFM-301,Modulo Transceptor LoRa 868/915MHz,Conectividad RF,8,8.5,531,588,176,223,1830,13261,23889
52,2025-12-29,SEM-RFM-301,Modulo Transceptor LoRa 868/915MHz,Conectividad RF,8,8.5,560,597,1553,2080,1819,14217,24416
1,2025-01-06,SEM-SEN-401,Sensor Digital de Temperatura y Humedad I2C,Sensores,3,2.1,506,512,153,243,1467,2641,8090
2,2025-01-13,SEM-SEN-401,Sensor Digital de Temperatura y Humedad I2C,Sensores,3,2.1,448,443,979,1275,1479,3177,8386
3,2025-01-20,SEM-SEN-401,Sensor Digital de Temperatura y Humedad I2C,Sensores,3,2.1,478,505,151,217,1479,2823,8452
4,2025-01-27,SEM-SEN-401,Sensor Digital de Temperatura y Humedad I2C,Sensores,3,2.1,513,483,1230,1848,1439,3570,9070
5,2025-02-03,SEM-SEN-401,Sensor Digital de Temperatura y Humedad I2C,Sensores,3,2.1,537,559,167,221,1508,3178,9124
6,2025-02-10,SEM-SEN-401,Sensor Digital de Temperatura y Humedad I2C,Sensores,3,2.1,595,605,1351,2135,1524,3924,9908
7,2025-02-17,SEM-SEN-401,Sensor Digital de Temperatura y Humedad I2C,Sensores,3,2.1,521,522,156,230,1560,3558,9982
8,2025-02-24,SEM-SEN-401,Sensor Digital de Temperatura y Humedad I2C,Sensores,3,2.1,633,619,1556,2005,1554,4495,10431
9,2025-03-03,SEM-SEN-401,Sensor Digital de Temperatura y Humedad I2C,Sensores,3,2.1,522,562,168,221,1550,4101,10484
10,2025-03-10,SEM-SEN-401,Sensor Digital de Temperatura y Humedad I2C,Sensores,3,2.1,551,603,1450,2197,1637,4948,11231
11,2025-03-17,SEM-SEN-401,Sensor Digital de Temperatura y Humedad I2C,Sensores,3,2.1,513,498,149,235,1611,4599,11317
12,2025-03-24,SEM-SEN-401,Sensor Digital de Temperatura y Humedad I2C,Sensores,3,2.1,578,645,1617,2036,1652,5571,11736
13,2025-03-31,SEM-SEN-401,Sensor Digital de Temperatura y Humedad I2C,Sensores,3,2.1,546,533,159,220,1687,5197,11797
14,2025-04-07,SEM-SEN-401,Sensor Digital de Temperatura y Humedad I2C,Sensores,3,2.1,527,495,1215,1868,1654,5917,12450
15,2025-04-14,SEM-SEN-401,Sensor Digital de Temperatura y Humedad I2C,Sensores,3,2.1,551,528,158,207,1588,5547,12499
16,2025-04-21,SEM-SEN-401,Sensor Digital de Temperatura y Humedad I2C,Sensores,3,2.1,515,503,1265,1836,1610,6309,13070
17,2025-04-28,SEM-SEN-401,Sensor Digital de Temperatura y Humedad I2C,Sensores,3,2.1,596,571,171,267,1616,5909,13166
18,2025-05-05,SEM-SEN-401,Sensor Digital de Temperatura y Humedad I2C,Sensores,3,2.1,485,461,1140,1741,1548,6588,13767
19,2025-05-12,SEM-SEN-401,Sensor Digital de Temperatura y Humedad I2C,Sensores,3,2.1,472,518,155,202,1576,6225,13814
20,2025-05-19,SEM-SEN-401,Sensor Digital de Temperatura y Humedad I2C,Sensores,3,2.1,589,612,1331,1833,1580,6944,14316
21,2025-05-26,SEM-SEN-401,Sensor Digital de Temperatura y Humedad I2C,Sensores,3,2.1,487,490,147,215,1551,6601,14384
22,2025-06-02,SEM-SEN-401,Sensor Digital de Temperatura y Humedad I2C,Sensores,3,2.1,537,588,1482,2114,1567,7495,15016
23,2025-06-09,SEM-SEN-401,Sensor Digital de Temperatura y Humedad I2C,Sensores,3,2.1,511,482,144,216,1521,7157,15088
24,2025-06-16,SEM-SEN-401,Sensor Digital de Temperatura y Humedad I2C,Sensores,3,2.1,515,490,1252,1752,1472,7919,15588
25,2025-06-23,SEM-SEN-401,Sensor Digital de Temperatura y Humedad I2C,Sensores,3,2.1,470,435,130,199,1412,7614,15657
26,2025-06-30,SEM-SEN-401,Sensor Digital de Temperatura y Humedad I2C,Sensores,3,2.1,496,464,1154,1518,1422,8304,16021
27,2025-07-07,SEM-SEN-401,Sensor Digital de Temperatura y Humedad I2C,Sensores,3,2.1,495,466,139,210,1353,7977,16092
28,2025-07-14,SEM-SEN-401,Sensor Digital de Temperatura y Humedad I2C,Sensores,3,2.1,459,505,1238,1683,1436,8710,16537
29,2025-07-21,SEM-SEN-401,Sensor Digital de Temperatura y Humedad I2C,Sensores,3,2.1,507,500,150,196,1399,8360,16583
30,2025-07-28,SEM-SEN-401,Sensor Digital de Temperatura y Humedad I2C,Sensores,3,2.1,676,777,1717,2198,1482,9300,17064
31,2025-08-04,SEM-SEN-401,Sensor Digital de Temperatura y Humedad I2C,Sensores,3,2.1,636,731,1693,2383,1584,10262,17754
32,2025-08-11,SEM-SEN-401,Sensor Digital de Temperatura y Humedad I2C,Sensores,3,2.1,423,296,721,1011,1428,10687,18044
33,2025-08-18,SEM-SEN-401,Sensor Digital de Temperatura y Humedad I2C,Sensores,3,2.1,458,320,96,148,1330,10463,18096
34,2025-08-25,SEM-SEN-401,Sensor Digital de Temperatura y Humedad I2C,Sensores,3,2.1,447,467,1035,1538,1365,11031,18599
35,2025-09-01,SEM-SEN-401,Sensor Digital de Temperatura y Humedad I2C,Sensores,3,2.1,390,409,122,194,1420,10744,18671
36,2025-09-08,SEM-SEN-401,Sensor Digital de Temperatura y Humedad I2C,Sensores,3,2.1,434,405,936,1453,1387,11275,19188
37,2025-09-15,SEM-SEN-401,Sensor Digital de Temperatura y Humedad I2C,Sensores,3,2.1,381,353,105,142,1354,11027,19225
38,2025-09-22,SEM-SEN-401,Sensor Digital de Temperatura y Humedad I2C,Sensores,3,2.1,391,419,1075,1431,1340,11683,19581
39,2025-09-29,SEM-SEN-401,Sensor Digital de Temperatura y Humedad I2C,Sensores,3,2.1,434,421,126,197,1367,11388,19652
40,2025-10-06,SEM-SEN-401,Sensor Digital de Temperatura y Humedad I2C,Sensores,3,2.1,450,464,1025,1441,1368,11949,20068
41,2025-10-13,SEM-SEN-401,Sensor Digital de Temperatura y Humedad I2C,Sensores,3,2.1,396,374,112,156,1373,11687,20112
42,2025-10-20,SEM-SEN-401,Sensor Digital de Temperatura y Humedad I2C,Sensores,3,2.1,373,378,819,1144,1341,12128,20437
43,2025-10-27,SEM-SEN-401,Sensor Digital de Temperatura y Humedad I2C,Sensores,3,2.1,413,450,135,182,1378,11813,20484
44,2025-11-03,SEM-SEN-401,Sensor Digital de Temperatura y Humedad I2C,Sensores,3,2.1,440,477,1180,1821,1409,12516,21125
45,2025-11-10,SEM-SEN-401,Sensor Digital de Temperatura y Humedad I2C,Sensores,3,2.1,462,451,135,209,1361,12200,21199
46,2025-11-17,SEM-SEN-401,Sensor Digital de Temperatura y Humedad I2C,Sensores,3,2.1,419,403,892,1136,1375,12689,21443
47,2025-11-24,SEM-SEN-401,Sensor Digital de Temperatura y Humedad I2C,Sensores,3,2.1,377,391,117,158,1397,12415,21484
48,2025-12-01,SEM-SEN-401,Sensor Digital de Temperatura y Humedad I2C,Sensores,3,2.1,441,470,1141,1452,1467,13086,21795
49,2025-12-08,SEM-SEN-401,Sensor Digital de Temperatura y Humedad I2C,Sensores,3,2.1,475,493,147,229,1489,12740,21877
50,2025-12-15,SEM-SEN-401,Sensor Digital de Temperatura y Humedad I2C,Sensores,3,2.1,502,515,1306,1762,1463,13531,22333
51,2025-12-22,SEM-SEN-401,Sensor Digital de Temperatura y Humedad I2C,Sensores,3,2.1,479,446,133,204,1446,13218,22404
52,2025-12-29,SEM-SEN-401,Sensor Digital de Temperatura y Humedad I2C,Sensores,3,2.1,531,540,1345,1928,1413,14023,22987
